{"cameraMode":{"drawMode":0,"name":"Shaded","section":"Shading Mode"},"sceneLighting":false,"audioPlay":false,"sceneViewState":{"showFog":true,"showMaterialUpdate":false,"showSkybox":true,"showFlares":true,"showImageEffects":true,"showParticleSystems":true},"in2DMode":false,"pivot":{"x":1.3197252750396729,"y":4.6224236488342289,"z":-2.8643405437469484},"rotation":{"x":-0.1746305227279663,"y":0.05520356073975563,"z":-0.009806499816477299,"w":-0.983036458492279},"size":11.661128044128418,"orthographic":false}