{"cameraMode":{"drawMode":0,"name":"Shaded","section":"Shading Mode"},"sceneLighting":true,"audioPlay":false,"sceneViewState":{"showFog":true,"showMaterialUpdate":false,"showSkybox":true,"showFlares":true,"showImageEffects":true,"showParticleSystems":true},"in2DMode":false,"pivot":{"x":-1.587005853652954,"y":1.8206446170806885,"z":0.8770084381103516},"rotation":{"x":-0.13160471618175507,"y":0.06893286854028702,"z":-0.00917424913495779,"w":-0.9888601303100586},"size":10.0,"orthographic":false}