{"cameraMode":{"drawMode":0,"name":"Shaded","section":"Shading Mode"},"sceneLighting":true,"audioPlay":false,"sceneViewState":{"showFog":true,"showMaterialUpdate":false,"showSkybox":true,"showFlares":true,"showImageEffects":true,"showParticleSystems":true},"in2DMode":false,"pivot":{"x":3.6380906105041506,"y":0.0946502685546875,"z":2.8052759170532228},"rotation":{"x":-0.8012564182281494,"y":-0.0017949396278709174,"z":0.002403773833066225,"w":-0.5983136296272278},"size":22.436058044433595,"orthographic":false}